,message_url,From,Subject,Date,body
0,https://politicalemails.org/messages/1067124,Donald J. Trump,The TRUTH about JANUARY 6th,"June 3, 2023 6:02 PM","Liquid error: Internal error I hope you’ve seen Tucker Carlson’s big “scoop.” ‌ ‌ ‌ ‌ ‌ ‌ ‌ ‌ ‌ ‌ ‌ ‌ ‌ ‌ ‌ ‌ ‌ ‌ ‌ ‌ ‌ ‌ ‌ ‌ ‌ ‌ ‌ ‌ ‌ ‌ ‌ ‌ ‌ ‌ ‌ ‌ ‌ ‌ ‌ ‌ ‌ ‌ ‌ ‌ ‌ ‌ ‌ ‌ ‌ ‌ ‌ ‌ ‌ ‌ ‌ ‌ ‌ ‌ ‌ ‌ ‌ ‌ ‌ ‌ ‌ ‌ ‌ ‌ ‌ ‌ ‌ ‌ ‌ ‌ ‌ ‌ ‌ ‌ ‌ ‌ ‌ ‌ ‌ ‌ ‌ ‌ ‌ ‌ ‌ ‌ ‌ ‌ ‌ ‌ ‌ ‌ ‌ ‌ ‌ ‌ ‌ ‌ ‌ ‌ ‌ ‌ ‌ ‌ ‌ ‌ ‌ ‌ ‌ ‌ ‌ ‌ ‌ ‌ ‌ ‌ ‌ ‌ ‌ ‌ ‌ ‌ ‌ ‌ ‌ ‌ ‌ ‌ ‌ ‌ ‌ ‌ ‌ ‌ ‌ ‌ ‌ ‌ ‌ ‌ ‌ ‌ ‌ ‌ ‌ ‌ ‌ ‌ ‌ ‌ ‌ ‌ ‌ ‌ ‌ ‌ ‌ ‌ ‌ ‌ ‌ ‌ ‌ ‌ ‌ ‌ ‌ ‌ ‌ ‌ ‌ ‌ ‌ ‌ ‌ ‌ ‌ ‌ ‌ ‌ ‌ ‌ ‌ <[link removed]>John, The Bible tells us, “The truth will set you free.” I am thankful that Tucker Carlson played new surveillance footage that sheds an entirely different light on what actually happened in the Capitol on January 6th. The Fake News and the Unselect Committee wanted you to believe that these Americans were hunting down members of Congress and had even murdered a police officer. But it was all a manufactured LIE. Footage shows January 6th protesters being *LED* by police officers as though they were on a guided tour of the Capitol. It also REFUTES the Democrats’ lie that a police officer was killed by protesters.Let’s not forget that the Left spent 2 YEARS lying about us and using January 6th as a taxpayer-funded televised drama to smear us. They hoped that January 6th would be the final nail in the coffin of our America First movement – but now the truth is finally coming out, and our movement will prevail just like we always have.Please make a contribution to DEFEND our movement from the Left’s never-ending witch hunts and attacks – for 1,200% impact. <[link removed]>CONTRIBUTE $24 >> <[link removed]>CONTRIBUTE $47 >> <[link removed]>CONTRIBUTE $75 >> <[link removed]>CONTRIBUTE $100 >> <[link removed]>CONTRIBUTE $250 >> <[link removed]>CONTRIBUTE OTHER AMOUNT  >> <[link removed]>You know the January 6th footage is damning for Democrats when Chuck Schumer has to run down to the Senate floor and demand that the head of Fox News censor it.But this is how the Marxist Left operates.They cover up the truth and feed people manufactured lies.Are we surprised that the same media outlets that have pushed lies about January 6th also said this about the riots of summer 2020? <[link removed]>And to top it all off, the same Democrats who pretend to care about January 6th also support the Soros-funded prosecutors who are letting truly VIOLENT criminals and repeat offenders get away with a slap on the wrist.When I’m back in the White House, we will immediately correct our broken justice system and restore TRUE law and order in America.But to win back the White House, it’s clear that the Left is going to put up a nasty fight. The fact that they would stoop so low as to lie about the death of a police officer and use it as a political weapon shows you just how vicious of a battle 2024 will be.We have no choice but to win back the White House and save America – and victory can only be achieved with YOUR support.So please, make a contribution to DEFEND our movement from the Left’s never-ending witch hunts and attacks – for 1,200% impact. <[link removed]>Thank you, <[link removed]>Donald J. Trump 45th President of the United States ######### Paid for by Trump Save America Joint Fundraising Committee, a joint fundraising committee composed of and authorized by Donald J. Trump for President 2024, Inc. and Save America. www.donaldjtrump.com ######### This email was sent to [email protected] . Trump Save America JFC, P.O. Box 13570, Arlington, VA 22219, United States Contributions to Trump Save America JFC are not tax deductible for federal income tax purposes. Unsubscribe: [link removed]"
1,https://politicalemails.org/messages/1066946,Donald J. Trump,Sadly...,"June 3, 2023 2:54 PM","Liquid error: Internal error <[link removed]> John, Every Republican elected official should be UNITED in outrage at what the Deep State has done to me and the America First movement. But sadly, some Republicans want to shy away from the topic, because they say they get tired of all the Deep State “drama.” <[link removed]> John, the weaponization of the FBI is one of the single biggest threats to our free Republic. My home has been raided. I was framed as a Russian asset. My family and associates have been intimidated. My private communications have been spied on. I’ve even been indicted and arrested – despite committing NO CRIME. And it’s not just me… Everyday, hardworking, freedom-loving patriots are also being targeted for holding views that go against the Deep State. That’s not “drama.” That’s a declaration of war on everything we value as Americans. <[link removed]> If these politicians get fatigued from a bit of “drama,” then the Deep State will eat them alive. They will not rise to the challenge to defend our Republic, and most importantly, defend YOU. But even though the Deep State has put me through hell, I am ready to do it again! Because I love our country, and I will NEVER let it get destroyed. <[link removed]> It’s no surprise that we’re leading the primary by 50 POINTS. Voters know that during these dark times, we need courage – not cowardice – in the White House. The time has now come to solidify our lead so that we can turn our focus 100% to beating Crooked Joe Biden and DISMANTLING the Deep State. Let’s finish the job we started, dismantle the Deep State, and MAKE AMERICA GREAT AGAIN! Please make a contribution to WRAP UP the primary so that we can focus on our REAL mission of firing Biden and DESTROYING THE DEEP STATE – for 1,500% impact. <[link removed]> Contribute $24 >> <[link removed]>Contribute $47 >> <[link removed]>Contribute $75 >> <[link removed]>Contribute $100 >> <[link removed]>Contribute $250 >> <[link removed]>Contribute Other Amount >> <[link removed]> Thank you, <[link removed]> Donald J. Trump 45th President of the United States ######### Paid for by Trump Save America Joint Fundraising Committee, a joint fundraising committee composed of and authorized by Donald J. Trump for President 2024, Inc. and Save America. www.donaldjtrump.com ######### This email was sent to [email protected] . Trump Save America JFC, P.O. Box 13570, Arlington, VA 22219, United States Contributions to Trump Save America JFC are not tax deductible for federal income tax purposes. Unsubscribe: [link removed]"
2,https://politicalemails.org/messages/1066780,"Donald J. Trump, me (2)",FW: $1 is all it takes,"June 3, 2023 11:30 AM","Liquid error: Internal error John, I know it often feels like the cards are stacked against hardworking Americans, against the Silent Majority, against YOU. How could you not feel that way considering all the Left’s vicious witch hunts, their lies and attacks, their endless election interference, their pursuit to cancel out YOUR VOTE, and Soros’ $75,000,000 scheme to BUY the White House for Crooked Joe <[link removed]>… …But there’s ONE thing Soros and the radical Democrats underestimate time and time again: the nearly 75 MILLION patriots like you who make up our incredible MAGA movement. No matter how vicious the attacks become, YOU are my courage, my hope, and my unbreakable resolve to SAVE AMERICA. Together, we can, we will, and we MUST win in 2024, because if we lose, we don’t just lose an election, we lose our country to Marxist tyranny. <[link removed]> And all it takes to STOP Soros and Crooked Joe’s $75,000,000 scheme is $1 from patriots like YOU. If every one of our 75 million supporters contributes just $1, Soros won’t stand a chance. <[link removed]> So please, make a contribution of just $1 to FIGHT BACK against Soros and Crooked Joe’s $75,000,000 scheme to BUY the White House – for 1,500% impact. <[link removed]> <[link removed]> Contribute $1 >> <[link removed]>Contribute $24 >> <[link removed]>Contribute $47 >> <[link removed]>Contribute $100 >> <[link removed]>Contribute $250 >> <[link removed]>Contribute Other Amount >> <[link removed]> Thank you, <[link removed]> Donald J. Trump 45th President of the United States ---------- Forwarded message --------- From: Donald J. Trump Date: Sat, May 20, 2023 Subject: Soros & Crooked Joe’s 2024 scheme To: < [email protected] > <[link removed]> John, Biden’s campaign just revealed which states it plans to target the most in 2024: Michigan, Wisconsin, and Pennsylvania And oddly enough, they’re the exact same battleground states in which a Soros-linked Super PAC just pledged to spend $75 MILLION. <[link removed]> This was Soros’ plan all along – to BUY the White House for his favorite corrupt puppet, Crooked Joe. But YOU have a choice, John. We don’t have to stand idly by while these radical lunatics and globalist special interests DESTROY our country from within. With YOUR support, we will counter them every step of the way and WIN BACK the White House. Because remember, there’s only ONE Soros, but there are more than 74 MILLION of us. <[link removed]> So, if you’re not doing too poorly right now despite Biden’s disastrous policies, please make a contribution to our Battleground Victory Fund for 1,500% impact to fight back against Soros and Crooked Joe’s $75,000,000 scheme to BUY the White House. <[link removed]> <[link removed]> Contribute $24 >> <[link removed]>Contribute $47 >> <[link removed]>Contribute $75 >> <[link removed]>Contribute $100 >> <[link removed]>Contribute $250 >> <[link removed]>Contribute Other Amount >> <[link removed]> Thank you, <[link removed]> Donald J. Trump 45th President of the United States ######### Paid for by Trump Save America Joint Fundraising Committee, a joint fundraising committee composed of and authorized by Donald J. Trump for President 2024, Inc. and Save America. www.donaldjtrump.com ######### This email was sent to [email protected] . Trump Save America JFC, P.O. Box 13570, Arlington, VA 22219, United States Contributions to Trump Save America JFC are not tax deductible for federal income tax purposes. Unsubscribe: [link removed]"
3,https://politicalemails.org/messages/1066529,Building Our Movement,"News Update:   Bizarre New Marriage Trend Goes Viral - You Won't Believe What These ""Brides"" Are Doing Now","June 2, 2023 10:01 PM","[link removed] [link removed] Bizarre New Marriage Trend Goes Viral - You Won't Believe What These ""Brides"" Are Doing Now [link removed] Read Now [link removed] [link removed] After McEnany Gives Trump ""Bad"" News - Donald Delivers an Unexpected Response [link removed] Read More [link removed] [link removed] Biden White House Leaves Americans Speechless - Top Leader Gives Infuriating Corruption Response [link removed] Read More [link removed] [link removed] Truth by Donald J. Trump Click below to see the latest Truth from Donald Trump [link removed] Read Now Copyright (c) 2023  Building Our Movement 190 Monroe Avenue Ste 300 Grand Rapids, MI, 49503, US Click [link removed] Here to unsubscribe from Building Our Movement. To Unsubscribe by email, please reply to this message with ""Unsubscribe"" as the Subject Line. [link removed] Click [link removed] Here to unsubscribe from all communication . You can read our [link removed] Privacy Policy Here"
4,https://politicalemails.org/messages/1066509,"Donald Trump, Jr.",RE: My father’s arrest,"June 2, 2023 9:45 PM","Liquid error: Internal error <[link removed]> John, My father was arrested despite having committee NO CRIME It’s hard to believe that I just typed those words. It’s hard to believe something so tyrannical could happen in America… …But this is the reality of our country now that the Radical Left Democrats run America. As you know — and as I’ve personally witnessed my entire life — my father is a WARRIOR. He will not let this sham indictment stop our mission to Make America Great Again! Our movement will prevail — just as we’ve prevailed after every other vicious attack. Following my father’s arrest, I’m asking you to watch these inspirational words from President Donald J. Trump. <[link removed]> <[link removed]> Watch Now >>  <[link removed]> Please watch the video — and consider making a contribution to SAVE AMERICA — for 1,500% impact. <[link removed]> Thank you, <[link removed]> Donald Trump, Jr. ######### Paid for by Trump Save America Joint Fundraising Committee, a joint fundraising committee composed of and authorized by Donald J. Trump for President 2024, Inc. and Save America. www.donaldjtrump.com ######### This email was sent to [email protected] . Trump Save America JFC, P.O. Box 13570, Arlington, VA 22219, United States Contributions to Trump Save America JFC are not tax deductible for federal income tax purposes. Unsubscribe: [link removed]"
5,https://politicalemails.org/messages/1066196,Donald J. Trump,$1 makes all the difference,"June 2, 2023 6:31 PM","Liquid error: Internal error <[link removed]> John, A contribution of just $1 to our grassroots campaign is not just some symbolic gesture, because we’re not just any old political movement. Our beautiful MAGA movement is unlike any other in history… WE’RE 75 MILLION STRONG! <[link removed]> You see, when you’re a part of the greatest political movement of all time where millions and millions of patriots are banding together to save their country, even $1 makes all the difference. $1 is the difference between FREEDOM and Third World Marxist tyranny. $1 is the difference between TRUE JUSTICE and endless witch hunts. $1 is the difference between SECURITY and wide-open borders. $1 is the difference between the GREATEST NATION in the history of the world and a nation laughed at all around the world. Because in 2024, $1 is the difference between VICTORY and defeat. <[link removed]> So please, make a grassroots contribution of just $1 – or any amount you can – to help WIN BACK the White House and MAKE AMERICA GREAT AGAIN. <[link removed]> <[link removed]> CONTRIBUTE $1 >>  <[link removed]> CONTRIBUTE OTHER AMOUNT  <[link removed]> Thank you, <[link removed]> Donald J. Trump 45th President of the United States ######### Paid for by Trump Save America Joint Fundraising Committee, a joint fundraising committee composed of and authorized by Donald J. Trump for President 2024, Inc. and Save America. www.donaldjtrump.com ######### This email was sent to [email protected] . Trump Save America JFC, P.O. Box 13570, Arlington, VA 22219, United States Contributions to Trump Save America JFC are not tax deductible for federal income tax purposes. Unsubscribe: [link removed]"
6,https://politicalemails.org/messages/1065943,Official Trump Alerts,June 2nd Update,"June 2, 2023 4:02 PM",FATAL ERROR: Failed to parse this email
7,https://politicalemails.org/messages/1065837,Donald J. Trump,Harassing my staff,"June 2, 2023 2:46 PM","Liquid error: Internal error <[link removed]> John, As I wrote to you in an email yesterday, I’m used to the Deep State’s attacks against me. When you run for president as a political outsider and pledge to drain the swamp and root out corruption, you are going to be mercilessly attacked. <[link removed]> But I will NEVER get used to the vicious attacks against my supporters, my associates, and my family members. That’s why I’m disgusted that the Biden-appointed Special Counsel is harassing, threatening, and terrorizing my staff. <[link removed]> The Deep State only attacks me, because I give a voice to YOU, the American people. They would have ZERO SHAME framing you, harassing you, or threatening you if you stood in their way. But in 2024, We The People will once again take back the reins of our country and save our Republic before it’s lost for good. So please, make a contribution to SAVE AMERICA – for 1,500% impact. <[link removed]> Contribute $24 >> <[link removed]>Contribute $47 >> <[link removed]>Contribute $75 >> <[link removed]>Contribute $100 >> <[link removed]>Contribute $250 >> <[link removed]>Contribute Other Amount >> <[link removed]> Thank you, <[link removed]> Donald J. Trump 45th President of the United States ######### Paid for by Trump Save America Joint Fundraising Committee, a joint fundraising committee composed of and authorized by Donald J. Trump for President 2024, Inc. and Save America. www.donaldjtrump.com ######### This email was sent to [email protected] . Trump Save America JFC, P.O. Box 13570, Arlington, VA 22219, United States Contributions to Trump Save America JFC are not tax deductible for federal income tax purposes. Unsubscribe: [link removed]"
8,https://politicalemails.org/messages/1065229,Team Trump,Before he takes the stage...,"June 1, 2023 8:43 PM","Liquid error: Internal error <[link removed]> John, President Trump’s town hall with Sean Hannity airs at 9:00 P.M. ET TONIGHT. Tonight’s town hall is all about listening and speaking to grassroots Republican primary voters like YOU. So, before the President takes the stage to answer questions from voters and talk about his plans to MAKE AMERICA GREAT AGAIN, we want to show him a special list of grassroots supporters who made a contribution to kick off June. <[link removed]> The size of your contribution isn’t what matters, but rather to show the sheer number of patriots in our ranks as global special interests try to get away with BUYING the White House in 2024. President Trump would love nothing more than to be able to point to the STRENGTH of our grassroots fundraising during tonight’s town hall. <[link removed]> But, of course, if you can’t donate right now, don’t feel pressured to. President Trump’s goal is to make YOUR life great again. He would never want you to incur a cost that you can’t afford. Very soon, he’ll be back in the White House, and America will come ROARING BACK! So please, make a contribution before President Trump takes the stage to be part of this special list of grassroots donors. <[link removed]> Contribute $24 >> <[link removed]>Contribute $47 >> <[link removed]>Contribute $75 >> <[link removed]>Contribute $100 >> <[link removed]>Contribute $250 >> <[link removed]>Contribute Other Amount >> <[link removed]> Thank you, Team Trump ######### Paid for by Trump Save America Joint Fundraising Committee, a joint fundraising committee composed of and authorized by Donald J. Trump for President 2024, Inc. and Save America. www.donaldjtrump.com ######### This email was sent to [email protected] . Trump Save America JFC, P.O. Box 13570, Arlington, VA 22219, United States Contributions to Trump Save America JFC are not tax deductible for federal income tax purposes. Unsubscribe: [link removed]"
9,https://politicalemails.org/messages/1064909,Donald J. Trump,Only if you can keep it...,"June 1, 2023 5:24 PM","Liquid error: Internal error <[link removed]> John, Our Founding Fathers warned that America would be “A Republic, IF you can keep it…” 236 years after that warning was given, shadowy agents within our federal government are now plotting ways to SUBVERT the will of the American people by persecuting the ruling class’s opponents, framing them, spying on them, and even arresting them. The 2024 election will determine whether we can keep our Republic or whether America has succumbed to the dark forces of tyranny. <[link removed]> <[link removed]> Biden and the radical Democrats know that it’s going to take an entire movement to stop the Deep State from turning America into a tyrannical Marxist nation. Which is why what they fear above all else is the collective power of the more than 74 MILLION patriots who make up our MAGA movement – the greatest grassroots political movement in history. So, I ask you only this, John: Are YOU willing to help me keep our Republic? <[link removed]> Please make a contribution of ANY amount – truly, even just $1 – to help WIN BACK the White House and SAVE AMERICA in 2024. <[link removed]> <[link removed]> Contribute $1 >> <[link removed]>Contribute $24 >> <[link removed]>Contribute $47 >> <[link removed]>Contribute $100 >> <[link removed]>Contribute $250 >> <[link removed]>Contribute Other Amount >> <[link removed]> Thank you, <[link removed]> Donald J. Trump 45th President of the United States ######### Paid for by Trump Save America Joint Fundraising Committee, a joint fundraising committee composed of and authorized by Donald J. Trump for President 2024, Inc. and Save America. www.donaldjtrump.com ######### This email was sent to [email protected] . Trump Save America JFC, P.O. Box 13570, Arlington, VA 22219, United States Contributions to Trump Save America JFC are not tax deductible for federal income tax purposes. Unsubscribe: [link removed]"
10,https://politicalemails.org/messages/1064798,Official Trump Alerts,June 1st Update,"June 1, 2023 4:03 PM",FATAL ERROR: Failed to parse this email
11,https://politicalemails.org/messages/1064621,Donald J. Trump,BIDEN ANNOUNCES RE-ELECTION,"June 1, 2023 1:55 PM","Liquid error: Internal error <[link removed]> John, Joe Biden – the single worst president in American history – is officially running for re-election. Hopeless Joe’s special interest donors are spending MILLIONS of dollars today to launch Biden’s campaign and keep their corrupt puppet in the White House. …But with YOUR help, today will be the moment his presidency begins its END. <[link removed]> To make that a reality, every 1 minute that goes by today, we’re counting on another 5,000 grassroots donors like YOU to step up and contribute. <[link removed]> It’s not the size of your contribution that matters, but the sheer number of patriots in our ranks who stepped up today to FIRE Biden and Save America. Please make a contribution to FIRE BIDEN and DROWN OUT his Re-election Announcement Day – for 1,500% impact. <[link removed]> Contribute $24 >> <[link removed]>Contribute $47 >> <[link removed]>Contribute $75 >> <[link removed]>Contribute $100 >> <[link removed]>Contribute $250 >> <[link removed]>Contribute Other Amount >> <[link removed]> When Biden’s Attorney General ordered the FBI to RAID my home, it BACKFIRED with a surge of donations to our campaign. When Biden’s party had me ARRESTED to try and end our presidential campaign, it BACKFIRED with a surge of donations to our campaign. And when Biden’s talking heads in the Fake News CENSORED my donation code to stop our flow of grassroots donations, you guessed it… it BACKFIRED with a surge of donations to our campaign. Today will be no different. Biden’s announcement will backfire like never before. No matter how many checks his special interest donors write, grassroots donors giving $1, $5, $15, $24, $47, etc., will DROWN OUT Hopeless Joe’s Announcement Day and shift the spotlight to our America First movement. <[link removed]> But it can only happen if YOU step up and contribute. <[link removed]> Please make a contribution to FIRE BIDEN and DROWN OUT his Re-election Announcement Day – for 1,500% impact. <[link removed]> Thank you, <[link removed]> Donald J. Trump 45th President of the United States ######### Paid for by Trump Save America Joint Fundraising Committee, a joint fundraising committee composed of and authorized by Donald J. Trump for President 2024, Inc. and Save America. www.donaldjtrump.com ######### This email was sent to [email protected] . Trump Save America JFC, P.O. Box 13570, Arlington, VA 22219, United States Contributions to Trump Save America JFC are not tax deductible for federal income tax purposes. Unsubscribe: [link removed]"
12,https://politicalemails.org/messages/1064339,Donald J. Trump,I might be giving you a call,"June 1, 2023 12:19 AM","Liquid error: Internal error <[link removed]> John, Our campaign is about to cross the $15 MILLION MARK <[link removed]> since George Soros’ prosecutor indicted and then arrested me. It could truly happen any moment now… To show my absolute gratitude for our grassroots donors, I am going to personally CALL the donor who officially puts us across the $15,000,000 mark! <[link removed]> Will I be calling you, John? <[link removed]> Please make a contribution to help us OFFICIALLY cross $15,000,000 since the indictment – and I’ll give the donor who puts us over the top a THANK YOU CALL. <[link removed]> Contribute $24 >> <[link removed]>Contribute $47 >> <[link removed]>Contribute $75 >> <[link removed]>Contribute $100 >> <[link removed]>Contribute $250 >> <[link removed]>Contribute Other Amount >> <[link removed]> Soros thought he could get away with spending $1,000,000 to elect a prosecutor to do his dirty work. But Soros yet again underestimated the strength of our movement. Soros wasn’t just targeting me – but the millions and millions of patriots who peacefully make up our movement. And to show my gratitude for the millions of donors who make up our movement, I’m going to call the one donor who officially puts us over the $15 million mark – which could happen any moment now! <[link removed]> So please, make a contribution to help us OFFICIALLY cross $15,000,000 since the indictment – and I’ll give the donor who puts us over the top a THANK YOU CALL. <[link removed]> Thank you, <[link removed]> Donald J. Trump 45th President of the United States ######### Paid for by Trump Save America Joint Fundraising Committee, a joint fundraising committee composed of and authorized by Donald J. Trump for President 2024, Inc. and Save America. www.donaldjtrump.com ######### This email was sent to [email protected] . Trump Save America JFC, P.O. Box 13570, Arlington, VA 22219, United States Contributions to Trump Save America JFC are not tax deductible for federal income tax purposes. Unsubscribe: [link removed]"
13,https://politicalemails.org/messages/1063974,Donald J. Trump,The TRUTH about JANUARY 6th,"May 31, 2023 8:56 PM","Liquid error: Internal error I hope you’ve seen Tucker Carlson’s big “scoop.” ‌ ‌ ‌ ‌ ‌ ‌ ‌ ‌ ‌ ‌ ‌ ‌ ‌ ‌ ‌ ‌ ‌ ‌ ‌ ‌ ‌ ‌ ‌ ‌ ‌ ‌ ‌ ‌ ‌ ‌ ‌ ‌ ‌ ‌ ‌ ‌ ‌ ‌ ‌ ‌ ‌ ‌ ‌ ‌ ‌ ‌ ‌ ‌ ‌ ‌ ‌ ‌ ‌ ‌ ‌ ‌ ‌ ‌ ‌ ‌ ‌ ‌ ‌ ‌ ‌ ‌ ‌ ‌ ‌ ‌ ‌ ‌ ‌ ‌ ‌ ‌ ‌ ‌ ‌ ‌ ‌ ‌ ‌ ‌ ‌ ‌ ‌ ‌ ‌ ‌ ‌ ‌ ‌ ‌ ‌ ‌ ‌ ‌ ‌ ‌ ‌ ‌ ‌ ‌ ‌ ‌ ‌ ‌ ‌ ‌ ‌ ‌ ‌ ‌ ‌ ‌ ‌ ‌ ‌ ‌ ‌ ‌ ‌ ‌ ‌ ‌ ‌ ‌ ‌ ‌ ‌ ‌ ‌ ‌ ‌ ‌ ‌ ‌ ‌ ‌ ‌ ‌ ‌ ‌ ‌ ‌ ‌ ‌ ‌ ‌ ‌ ‌ ‌ ‌ ‌ ‌ ‌ ‌ ‌ ‌ ‌ ‌ ‌ ‌ ‌ ‌ ‌ ‌ ‌ ‌ ‌ ‌ ‌ ‌ ‌ ‌ ‌ ‌ ‌ ‌ ‌ ‌ ‌ ‌ ‌ ‌ ‌ <[link removed]>John, The Bible tells us, “The truth will set you free.” I am thankful that Tucker Carlson played new surveillance footage that sheds an entirely different light on what actually happened in the Capitol on January 6th. The Fake News and the Unselect Committee wanted you to believe that these Americans were hunting down members of Congress and had even murdered a police officer. But it was all a manufactured LIE. Footage shows January 6th protesters being *LED* by police officers as though they were on a guided tour of the Capitol. It also REFUTES the Democrats’ lie that a police officer was killed by protesters.Let’s not forget that the Left spent 2 YEARS lying about us and using January 6th as a taxpayer-funded televised drama to smear us. They hoped that January 6th would be the final nail in the coffin of our America First movement – but now the truth is finally coming out, and our movement will prevail just like we always have.Please make a contribution to DEFEND our movement from the Left’s never-ending witch hunts and attacks – for 1,200% impact. <[link removed]>CONTRIBUTE $24 >> <[link removed]>CONTRIBUTE $47 >> <[link removed]>CONTRIBUTE $75 >> <[link removed]>CONTRIBUTE $100 >> <[link removed]>CONTRIBUTE $250 >> <[link removed]>CONTRIBUTE OTHER AMOUNT  >> <[link removed]>You know the January 6th footage is damning for Democrats when Chuck Schumer has to run down to the Senate floor and demand that the head of Fox News censor it.But this is how the Marxist Left operates.They cover up the truth and feed people manufactured lies.Are we surprised that the same media outlets that have pushed lies about January 6th also said this about the riots of summer 2020? <[link removed]>And to top it all off, the same Democrats who pretend to care about January 6th also support the Soros-funded prosecutors who are letting truly VIOLENT criminals and repeat offenders get away with a slap on the wrist.When I’m back in the White House, we will immediately correct our broken justice system and restore TRUE law and order in America.But to win back the White House, it’s clear that the Left is going to put up a nasty fight. The fact that they would stoop so low as to lie about the death of a police officer and use it as a political weapon shows you just how vicious of a battle 2024 will be.We have no choice but to win back the White House and save America – and victory can only be achieved with YOUR support.So please, make a contribution to DEFEND our movement from the Left’s never-ending witch hunts and attacks – for 1,200% impact. <[link removed]>Thank you, <[link removed]>Donald J. Trump 45th President of the United States ######### Paid for by Trump Save America Joint Fundraising Committee, a joint fundraising committee composed of and authorized by Donald J. Trump for President 2024, Inc. and Save America. www.donaldjtrump.com ######### This email was sent to [email protected] . Trump Save America JFC, P.O. Box 13570, Arlington, VA 22219, United States Contributions to Trump Save America JFC are not tax deductible for federal income tax purposes. Unsubscribe: [link removed]"
14,https://politicalemails.org/messages/1063551,Donald J. Trump,Harassing my staff,"May 31, 2023 5:19 PM","Liquid error: Internal error <[link removed]> John, As I wrote to you in an email yesterday, I’m used to the Deep State’s attacks against me. When you run for president as a political outsider and pledge to drain the swamp and root out corruption, you are going to be mercilessly attacked. <[link removed]> But I will NEVER get used to the vicious attacks against my supporters, my associates, and my family members. That’s why I’m disgusted that the Biden-appointed Special Counsel is harassing, threatening, and terrorizing my staff. <[link removed]> The Deep State only attacks me, because I give a voice to YOU, the American people. They would have ZERO SHAME framing you, harassing you, or threatening you if you stood in their way. But in 2024, We The People will once again take back the reins of our country and save our Republic before it’s lost for good. So please, make a contribution to SAVE AMERICA – for 1,500% impact. <[link removed]> Contribute $24 >> <[link removed]>Contribute $47 >> <[link removed]>Contribute $75 >> <[link removed]>Contribute $100 >> <[link removed]>Contribute $250 >> <[link removed]>Contribute Other Amount >> <[link removed]> Thank you, <[link removed]> Donald J. Trump 45th President of the United States ######### Paid for by Trump Save America Joint Fundraising Committee, a joint fundraising committee composed of and authorized by Donald J. Trump for President 2024, Inc. and Save America. www.donaldjtrump.com ######### This email was sent to [email protected] . Trump Save America JFC, P.O. Box 13570, Arlington, VA 22219, United States Contributions to Trump Save America JFC are not tax deductible for federal income tax purposes. Unsubscribe: [link removed]"
15,https://politicalemails.org/messages/1063411,Official Trump Alerts,May 31st Update,"May 31, 2023 4:02 PM",FATAL ERROR: Failed to parse this email
16,https://politicalemails.org/messages/1063189,Donald J. Trump,RE: Let me clear something up,"May 31, 2023 1:59 PM","Liquid error: Internal error <[link removed]> John, The truth is: we are not only running against Crooked Joe Biden… …We are also going up against the entire Deep State. Entrenched bureaucrats within the federal government have been trying to SABOTAGE our America First movement since the day I came down the Golden Escalator in 2015. They’ve FRAMED me as a Russian asset, incited countless witch hunts against me, colluded with billion-dollar tech corporations, and even ARRESTED me. Some Republican politicians respond to those HEINOUS attacks by saying that we should “APPEASE” the Deep State by running a Swamp-approved candidate instead! <[link removed]> These RINOs think that if you compromise with the sinister forces that are actively trying to SUBVERT our Republic that these Deep State agents will simply go away forever and give you your country back and let you be free… …I can’t decide if these RINOs are cowards or fools. John, there is only ONE candidate who has vowed to NEVER SURRENDER our country to the Deep State – and that’s the man who even got ARRESTED for the sake of our movement. <[link removed]> He goes by the name of Donald J. Trump. But I know that patriots like YOU have just as much courage. You are the lifeblood of our America First movement and will NEVER SURRENDER America to tyranny. Please make a contribution before the end-of-month fundraising deadline to show that YOU will NEVER SURRENDER our country to the Deep State – for 1,500% impact. <[link removed]> <[link removed]> Contribute $24 >> <[link removed]>Contribute $47 >> <[link removed]>Contribute $75 >> <[link removed]>Contribute $100 >> <[link removed]>Contribute $250 >> <[link removed]>Contribute Other Amount >> <[link removed]> Thank you, <[link removed]> Donald J. Trump President of the United States ######### Paid for by Trump Save America Joint Fundraising Committee, a joint fundraising committee composed of and authorized by Donald J. Trump for President 2024, Inc. and Save America. www.donaldjtrump.com ######### This email was sent to [email protected] . Trump Save America JFC, P.O. Box 13570, Arlington, VA 22219, United States Contributions to Trump Save America JFC are not tax deductible for federal income tax purposes. Unsubscribe: [link removed]"
17,https://politicalemails.org/messages/1062893,Donald J. Trump,There’s no other explanation,"May 31, 2023 12:22 AM","Liquid error: Internal error < [link removed]> John, Just over a month ago, Crooked Joe Biden officially entered the race. But then, for weeks and weeks on end, his campaign REFUSED to report ANYTHING about his fundraising numbers. The only plausible explanation is that we OUTRAISED Biden and the radical Democrats during his launch month, and his campaign was too scared to report their fundraising numbers. Now, just DAYS away from the end-of-month deadline, we have the chance to deliver a blow to Crooked Joe that his campaign will NEVER be able to recover from… …OUTRAISING him for the month of May. < [link removed]> But first, let me just say that if you can’t afford to chip in right now due to Crooked Joe’s disastrous policies, please don’t even think about giving. Take care of your family and yourself first! And when I’m your President again, I’ll take care of YOU. Please watch the message I recorded for you, and if you’re able to contribute, make a contribution of ANY amount before the end-of-month deadline to help me OUTRAISE Crooked Joe, WIN BACK the White House, and MAKE AMERICA GREAT AGAIN – for 1,500% impact. < [link removed]> < [link removed]> Contribute $1 >> < [link removed]>Contribute $24 >> < [link removed]>Contribute $47 >> < [link removed]>Contribute $100 >> < [link removed]>Contribute $250 >> < [link removed]>Contribute Other Amount >> < [link removed]> Thank you, < [link removed]> Donald J. Trump 45th President of the United States ######### Paid for by Trump Save America Joint Fundraising Committee, a joint fundraising committee composed of and authorized by Donald J. Trump for President 2024, Inc. and Save America. www.donaldjtrump.com ######### This email was sent to [email protected] . Trump Save America JFC, P.O. Box 13570, Arlington, VA 22219, United States Contributions to Trump Save America JFC are not tax deductible for federal income tax purposes. Unsubscribe: [link removed]"
18,https://politicalemails.org/messages/1062614,Donald J. Trump,$200 million plot against me,"May 30, 2023 9:05 PM","Liquid error: Internal error <[link removed]> John, A report just came across my desk: corrupt special interests are planning to spend $200 MILLION to stop me from winning the Republican primary. <[link removed]> Could you imagine if that money was spent on beating BIDEN instead? That money could easily be used to counter Soros’ millions. But sadly, RINOs would rather let Biden get 4 more years in the White House so long as it means that I’m not the President in 2025. The reason they hate me so much is that I cannot be bought, bullied, or bribed. At my 2017 Inauguration, I declared that “What truly matters is not which party controls our government, but whether our government is controlled by the people.” <[link removed]> My presidency is all about putting the American people first, which is why the corrupt special interests who’ve made a fortune off of putting you dead last are out to “stop” me. I don’t have mega-donors giving $200 million. But I do have millions of MAGA patriots like YOU giving $1, $5, $10, $24. Even $1 from you today can mean the difference between saving America or letting special interests buy the White House yet again. Please make a contribution to fight back against the $200-MILLION PLOT against your favorite President and the only movement that puts YOU first – for 1,500% impact. <[link removed]> Contribute $1 >> <[link removed]>Contribute $5 >> <[link removed]>Contribute $10 >> <[link removed]>Contribute $24 >> <[link removed]>Contribute $100 >> <[link removed]>Contribute Other Amount >> <[link removed]> Thank you, <[link removed]> Donald J. Trump 45th President of the United States ######### Paid for by Trump Save America Joint Fundraising Committee, a joint fundraising committee composed of and authorized by Donald J. Trump for President 2024, Inc. and Save America. www.donaldjtrump.com ######### This email was sent to [email protected] . Trump Save America JFC, P.O. Box 13570, Arlington, VA 22219, United States Contributions to Trump Save America JFC are not tax deductible for federal income tax purposes. Unsubscribe: [link removed]"
19,https://politicalemails.org/messages/1062604,Building Our Movement,News Update:   Dems Suffer 1 Stunning Loss In Debt Ceiling Deal - McCarthy Just Cut Out Their Holy Grail,"May 30, 2023 9:00 PM","[link removed] [link removed] Dems Suffer 1 Stunning Loss In Debt Ceiling Deal - McCarthy Just Cut Out Their Holy Grail [link removed] Read Now [link removed] [link removed] Supreme Court Hit by Shock Swamp Attack - Schumer Stuns Every American with Shocking Claim [link removed] Read More [link removed] [link removed] Conservatives Score Massive Memorial Day Winn - Total Losses for 2 Woke Companies Revealed [link removed] Read More [link removed] [link removed] Truth by Donald J. Trump Click below to see the latest Truth from Donald Trump [link removed] Read Now Copyright (c) 2023  Building Our Movement 190 Monroe Avenue Ste 300 Grand Rapids, MI, 49503, US Click [link removed] Here to unsubscribe from Building Our Movement. To Unsubscribe by email, please reply to this message with ""Unsubscribe"" as the Subject Line. [link removed] Click [link removed] Here to unsubscribe from all communication . You can read our [link removed] Privacy Policy Here"
20,https://politicalemails.org/messages/1062304,Official Trump Alerts,May 30th Update,"May 30, 2023 6:03 PM",FATAL ERROR: Failed to parse this email
21,https://politicalemails.org/messages/1062250,DonaldJTrump.com,Never lose hope!,"May 30, 2023 5:20 PM","Liquid error: Internal error <[link removed]> “With a dark cloud over our beloved country, I have no doubt, nevertheless, that we will Make America Great Again.” <[link removed]> -President Donald J. Trump (Tuesday, April 4, 2023 – The Day of his Arrest) <[link removed]> Please make a contribution to peacefully stand with President Trump and SAVE the greatest country in history – for 1,500% impact. <[link removed]> Contribute $24 >> <[link removed]>Contribute $47 >> <[link removed]>Contribute $75 >> <[link removed]>Contribute $100 >> <[link removed]>Contribute $250 >> <[link removed]>Contribute Other Amount >> <[link removed]> Thank you, Team Trump ######### Paid for by Trump Save America Joint Fundraising Committee, a joint fundraising committee composed of and authorized by Donald J. Trump for President 2024, Inc. and Save America. www.donaldjtrump.com ######### This email was sent to [email protected] . Trump Save America JFC, P.O. Box 13570, Arlington, VA 22219, United States Contributions to Trump Save America JFC are not tax deductible for federal income tax purposes. Unsubscribe: [link removed]"
22,https://politicalemails.org/messages/1061871,"Donald J. Trump, me (2)",re: THE TIME HAS COME,"May 30, 2023 12:50 PM","Liquid error: Internal error Now that we’re up by 30, it’s time to unite… ‌ ‌ ‌ ‌ ‌ ‌ ‌ ‌ ‌ ‌ ‌ ‌ ‌ ‌ ‌ ‌ ‌ ‌ ‌ ‌ ‌ ‌ ‌ ‌ ‌ ‌ ‌ ‌ ‌ ‌ ‌ ‌ ‌ ‌ ‌ ‌ ‌ ‌ ‌ ‌ ‌ ‌ ‌ ‌ ‌ ‌ ‌ ‌ ‌ ‌ ‌ ‌ ‌ ‌ ‌ ‌ ‌ ‌ ‌ ‌ ‌ ‌ ‌ ‌ ‌ ‌ ‌ ‌ ‌ ‌ ‌ ‌ ‌ ‌ ‌ ‌ ‌ ‌ ‌ ‌ ‌ ‌ ‌ ‌ ‌ ‌ ‌ ‌ ‌ ‌ ‌ ‌ ‌ ‌ ‌ ‌ ‌ ‌ ‌ ‌ ‌ ‌ ‌ ‌ ‌ ‌ ‌ ‌ ‌ ‌ ‌ ‌ ‌ ‌ ‌ ‌ ‌ ‌ ‌ ‌ ‌ ‌ ‌ ‌ ‌ ‌ ‌ ‌ ‌ ‌ ‌ ‌ ‌ ‌ ‌ ‌ ‌ ‌ ‌ ‌ ‌ ‌ ‌ ‌ ‌ ‌ ‌ ‌ ‌ ‌ ‌ ‌ ‌ ‌ ‌ ‌ ‌ ‌ ‌ ‌ ‌ ‌ ‌ ‌ ‌ ‌ ‌ ‌ ‌ ‌ ‌ ‌ ‌ ‌ ‌ ‌ ‌ ‌ ‌ ‌ ‌ ‌ ‌ ‌ ‌ ‌ ‌ John, George Soros said he’s hoping the Republican primary drags on forever so that Biden can quietly walk away with the White House unscathed.…I wouldn’t be shocked if he even meddles in our primary to make that happen!That’s why, now that we’ve secured a 30-POINT LEAD, it’s time for Republicans to COALESCE and UNITE behind “Trump 2024” so that we can focus 100% on defeating Biden.We need to keep surging EVEN HIGHER in the polls so that there’s NO QUESTION that Primary Voters are UNITED behind “Trump 2024.” I’ve set a new goal of 1,000,000 Primary Voters to make a contribution of any amount before 11:59 P.M. TONIGHT. What matters is not the amount we raise, but to show the SHEER NUMBER of Primary Voters who have donated. The quicker the primary ends, the quicker we can unite to CRUSH Biden. Please make a contribution to our Primary Victory Fund to surge even higher so that we can turn our focus to DEFEATING Joe Biden – for 1,000% impact. <[link removed]> <[link removed]>CONTRIBUTE $24 >> $264 <[link removed]>CONTRIBUTE $47 >> $517 <[link removed]>CONTRIBUTE $75 >> $825 <[link removed]>CONTRIBUTE $100 >> $1,100  <[link removed]>CONTRIBUTE $250 >> $2,750 <[link removed]>CONTRIBUTE OTHER AMOUNT  >> <[link removed]>Thank you, <[link removed]>Donald J. Trump 45th President of the United States---------- Forwarded message --------- From: Donald J. Trump Date: Thu, Mar 2, 2023 at 6:07 PM Subject: RE: 30-POINT LEAD To: < [email protected] > <[link removed]>John, Our campaign is surging like never before… Four new polls just showed us SWEEPING the GOP field – and one even shows we’ve amassed a 30-POINTLEAD.This is what WINNING looks like! And we’re the only ones who can do it in 2024. No other candidate is shown CRUSHING Biden and Kamala in the polls like we are.But to keep up this incredible momentum, I’m counting on every grassroots patriot of our “Silent” Majority to help me send a very LOUD message that our 30-point lead is only the beginning.Please make a contribution to our PRIMARY VICTORY FUND to capitalize on this brand-new momentum to MAKE AMERICA GREAT AGAIN – for 1,000% impact. <[link removed]> <[link removed]>CONTRIBUTE $24 >> $264 <[link removed]>CONTRIBUTE $47 >> $517 <[link removed]>CONTRIBUTE $75 >> $825 <[link removed]>CONTRIBUTE $100 >> $1,100  <[link removed]>CONTRIBUTE $250 >> $2,750 <[link removed]>CONTRIBUTE OTHER AMOUNT  >> <[link removed]>The fake news can’t hide the TRUTH with these new polls now in the public’s hands. They tried calling our massive surge last month a “February bump.”I don’t know about you John, but I would call a 30-point lead more than a “bump” in the polls… …We’re DOMINATING the entire field! Biden, the radical Democrats, and their corrupt billionaire megadonors like George Soros know that our historic MAGA movement is the single greatest THREAT to their power. And now, we have the perfect opportunity to capitalize on the heels of these new polls to WIN BACK the White House and TAKE BACK our country. So please, make a contribution to our PRIMARY VICTORY FUND to capitalize on this brand-new momentum to MAKE AMERICA GREAT AGAIN – for 1,000% impact. <[link removed]>Thank you, <[link removed]>Donald J. Trump 45th President of the United States ######### Paid for by Trump Save America Joint Fundraising Committee, a joint fundraising committee composed of and authorized by Donald J. Trump for President 2024, Inc. and Save America. www.donaldjtrump.com ######### This email was sent to [email protected] . Trump Save America JFC, P.O. Box 13570, Arlington, VA 22219, United States Contributions to Trump Save America JFC are not tax deductible for federal income tax purposes. Unsubscribe: [link removed]"
23,https://politicalemails.org/messages/1061687,Team Trump,RE: MOURNING in America [Watch Now],"May 29, 2023 11:27 PM","Liquid error: Internal error <[link removed]> John, Ronald Reagan released a famous ad in the 1980s called “Morning in America.” But under Biden’s disastrous presidency, we are now “MOURNING in America.” Our once great country is DYING… <[link removed]> …And 2024 is our final chance to save it! <[link removed]> Reagan warned that if we don’t defend our freedoms, “one day we will spend our sunset years telling our children and our children's children what it was once like in the United States where men were free.” <[link removed]> Please watch our new ad “Mourning in America” – and then consider making a contribution to ensure it’s seen by every red-blooded patriot in the nation for 1,500% impact. <[link removed]> <[link removed]> Watch Now >>  <[link removed]> Contribute $24 >> <[link removed]>Contribute $47 >> <[link removed]>Contribute $75 >> <[link removed]>Contribute $100 >> <[link removed]>Contribute $250 >> <[link removed]>Contribute Other Amount >> <[link removed]> Thank you, Team Trump ######### Paid for by Trump Save America Joint Fundraising Committee, a joint fundraising committee composed of and authorized by Donald J. Trump for President 2024, Inc. and Save America. www.donaldjtrump.com ######### This email was sent to [email protected] . Trump Save America JFC, P.O. Box 13570, Arlington, VA 22219, United States Contributions to Trump Save America JFC are not tax deductible for federal income tax purposes. Unsubscribe: [link removed]"
24,https://politicalemails.org/messages/1061575,Donald J. Trump,Sadly...,"May 29, 2023 8:30 PM","Liquid error: Internal error <[link removed]> John, Every Republican elected official should be UNITED in outrage at what the Deep State has done to me and the America First movement. But sadly, some Republicans want to shy away from the topic, because they say they get tired of all the Deep State “drama.” <[link removed]> John, the weaponization of the FBI is one of the single biggest threats to our free Republic. My home has been raided. I was framed as a Russian asset. My family and associates have been intimidated. My private communications have been spied on. I’ve even been indicted and arrested – despite committing NO CRIME. And it’s not just me… Everyday, hardworking, freedom-loving patriots are also being targeted for holding views that go against the Deep State. That’s not “drama.” That’s a declaration of war on everything we value as Americans. <[link removed]> If these politicians get fatigued from a bit of “drama,” then the Deep State will eat them alive. They will not rise to the challenge to defend our Republic, and most importantly, defend YOU. But even though the Deep State has put me through hell, I am ready to do it again! Because I love our country, and I will NEVER let it get destroyed. <[link removed]> It’s no surprise that we’re leading the primary by 50 POINTS. Voters know that during these dark times, we need courage – not cowardice – in the White House. The time has now come to solidify our lead so that we can turn our focus 100% to beating Crooked Joe Biden and DISMANTLING the Deep State. Let’s finish the job we started, dismantle the Deep State, and MAKE AMERICA GREAT AGAIN! Please make a contribution to WRAP UP the primary so that we can focus on our REAL mission of firing Biden and DESTROYING THE DEEP STATE – for 1,500% impact. <[link removed]> Contribute $24 >> <[link removed]>Contribute $47 >> <[link removed]>Contribute $75 >> <[link removed]>Contribute $100 >> <[link removed]>Contribute $250 >> <[link removed]>Contribute Other Amount >> <[link removed]> Thank you, <[link removed]> Donald J. Trump 45th President of the United States ######### Paid for by Trump Save America Joint Fundraising Committee, a joint fundraising committee composed of and authorized by Donald J. Trump for President 2024, Inc. and Save America. www.donaldjtrump.com ######### This email was sent to [email protected] . Trump Save America JFC, P.O. Box 13570, Arlington, VA 22219, United States Contributions to Trump Save America JFC are not tax deductible for federal income tax purposes. Unsubscribe: [link removed]"
25,https://politicalemails.org/messages/1061468,DonaldJTrump.com,RE: the 6 top battlegrounds of 2024,"May 29, 2023 5:38 PM","Liquid error: Internal error <[link removed]> John, Biden’s fundraising has reportedly been a DISASTER… …So, a Soros-linked Super PAC is trying to salvage Crooked Joe’s campaign by spending $75 MILLION in the 6 STATES they’ve determined to be the TOP battlegrounds of 2024: Arizona, Georgia, Michigan, Nevada, Pennsylvania, and Wisconsin <[link removed]> President Trump needs YOUR help to fight back and mobilize ASAP in all 6 battleground states to ensure we SAVE AMERICA. <[link removed]> Please make a contribution to our Battleground Victory Fund – for 1,500% impact to counter this latest Soros-linked Super PAC scheme. <[link removed]> Contribute $24 >> <[link removed]>Contribute $47 >> <[link removed]>Contribute $75 >> <[link removed]>Contribute $100 >> <[link removed]>Contribute $250 >> <[link removed]>Contribute Other Amount >> <[link removed]> Thank you, Team Trump ######### Paid for by Trump Save America Joint Fundraising Committee, a joint fundraising committee composed of and authorized by Donald J. Trump for President 2024, Inc. and Save America. www.donaldjtrump.com ######### This email was sent to [email protected] . Trump Save America JFC, P.O. Box 13570, Arlington, VA 22219, United States Contributions to Trump Save America JFC are not tax deductible for federal income tax purposes. Unsubscribe: [link removed]"
26,https://politicalemails.org/messages/1061258,"Donald J. Trump, me (2)",FW: $1 is all it takes,"May 29, 2023 1:56 PM","Liquid error: Internal error John, I know it often feels like the cards are stacked against hardworking Americans, against the Silent Majority, against YOU. How could you not feel that way considering all the Left’s vicious witch hunts, their lies and attacks, their endless election interference, their pursuit to cancel out YOUR VOTE, and Soros’ $75,000,000 scheme to BUY the White House for Crooked Joe <[link removed]>… …But there’s ONE thing Soros and the radical Democrats underestimate time and time again: the nearly 75 MILLION patriots like you who make up our incredible MAGA movement. No matter how vicious the attacks become, YOU are my courage, my hope, and my unbreakable resolve to SAVE AMERICA. Together, we can, we will, and we MUST win in 2024, because if we lose, we don’t just lose an election, we lose our country to Marxist tyranny. <[link removed]> And all it takes to STOP Soros and Crooked Joe’s $75,000,000 scheme is $1 from patriots like YOU. If every one of our 75 million supporters contributes just $1, Soros won’t stand a chance. <[link removed]> So please, make a contribution of just $1 to FIGHT BACK against Soros and Crooked Joe’s $75,000,000 scheme to BUY the White House – for 1,500% impact. <[link removed]> <[link removed]> Contribute $1 >> <[link removed]>Contribute $24 >> <[link removed]>Contribute $47 >> <[link removed]>Contribute $100 >> <[link removed]>Contribute $250 >> <[link removed]>Contribute Other Amount >> <[link removed]> Thank you, <[link removed]> Donald J. Trump 45th President of the United States ---------- Forwarded message --------- From: Donald J. Trump Date: Sat, May 20, 2023 Subject: Soros & Crooked Joe’s 2024 scheme To: < [email protected] > <[link removed]> John, Biden’s campaign just revealed which states it plans to target the most in 2024: Michigan, Wisconsin, and Pennsylvania And oddly enough, they’re the exact same battleground states in which a Soros-linked Super PAC just pledged to spend $75 MILLION. <[link removed]> This was Soros’ plan all along – to BUY the White House for his favorite corrupt puppet, Crooked Joe. But YOU have a choice, John. We don’t have to stand idly by while these radical lunatics and globalist special interests DESTROY our country from within. With YOUR support, we will counter them every step of the way and WIN BACK the White House. Because remember, there’s only ONE Soros, but there are more than 74 MILLION of us. <[link removed]> So, if you’re not doing too poorly right now despite Biden’s disastrous policies, please make a contribution to our Battleground Victory Fund for 1,500% impact to fight back against Soros and Crooked Joe’s $75,000,000 scheme to BUY the White House. <[link removed]> <[link removed]> Contribute $24 >> <[link removed]>Contribute $47 >> <[link removed]>Contribute $75 >> <[link removed]>Contribute $100 >> <[link removed]>Contribute $250 >> <[link removed]>Contribute Other Amount >> <[link removed]> Thank you, <[link removed]> Donald J. Trump 45th President of the United States ######### Paid for by Trump Save America Joint Fundraising Committee, a joint fundraising committee composed of and authorized by Donald J. Trump for President 2024, Inc. and Save America. www.donaldjtrump.com ######### This email was sent to [email protected] . Trump Save America JFC, P.O. Box 13570, Arlington, VA 22219, United States Contributions to Trump Save America JFC are not tax deductible for federal income tax purposes. Unsubscribe: [link removed]"
27,https://politicalemails.org/messages/1061078,Donald J. Trump,Harassing my staff,"May 29, 2023 12:22 AM","Liquid error: Internal error <[link removed]> John, As I wrote to you in an email yesterday, I’m used to the Deep State’s attacks against me. When you run for president as a political outsider and pledge to drain the swamp and root out corruption, you are going to be mercilessly attacked. <[link removed]> But I will NEVER get used to the vicious attacks against my supporters, my associates, and my family members. That’s why I’m disgusted that the Biden-appointed Special Counsel is harassing, threatening, and terrorizing my staff. <[link removed]> The Deep State only attacks me, because I give a voice to YOU, the American people. They would have ZERO SHAME framing you, harassing you, or threatening you if you stood in their way. But in 2024, We The People will once again take back the reins of our country and save our Republic before it’s lost for good. So please, make a contribution to SAVE AMERICA – for 1,500% impact. <[link removed]> Contribute $24 >> <[link removed]>Contribute $47 >> <[link removed]>Contribute $75 >> <[link removed]>Contribute $100 >> <[link removed]>Contribute $250 >> <[link removed]>Contribute Other Amount >> <[link removed]> Thank you, <[link removed]> Donald J. Trump 45th President of the United States ######### Paid for by Trump Save America Joint Fundraising Committee, a joint fundraising committee composed of and authorized by Donald J. Trump for President 2024, Inc. and Save America. www.donaldjtrump.com ######### This email was sent to [email protected] . Trump Save America JFC, P.O. Box 13570, Arlington, VA 22219, United States Contributions to Trump Save America JFC are not tax deductible for federal income tax purposes. Unsubscribe: [link removed]"
28,https://politicalemails.org/messages/1060920,Donald J. Trump,NEW POLL: “Electoral Landslide”,"May 28, 2023 8:29 PM","Liquid error: Internal error <[link removed]> John, have you heard? Trump expands lead, poised for 'electoral landslide' <[link removed]> [Source: Washington Examiner] After smashing fundraising records last month following my sham ARREST, another new poll shows us posting HISTORIC numbers. We’ve officially grown our commanding lead in the GOP primary to more than 40 POINTS while also leading Crooked Joe Biden by 4 points in the general election! The time has come to lock up the nomination, John. We can’t give Soros and Biden their wish of a long and drawn-out contest that gives them the upper hand. <[link removed]> With YOUR help, we can effectively END the primary TODAY and shift 100% of our focus to DOUBLING our current lead over Crooked Joe. <[link removed]> Please make a contribution to our Primary Victory Fund to help end the primary so that we can shift our focus to DOUBLING our 4-point LEAD over Biden – for 1,500% impact. <[link removed]> Contribute $24 >> <[link removed]>Contribute $47 >> <[link removed]>Contribute $75 >> <[link removed]>Contribute $100 >> <[link removed]>Contribute $250 >> <[link removed]>Contribute Other Amount >> <[link removed]> John, this same new poll shows that not only are we SURGING, but that we’re doing so among voters who are the most concerned about our country’s future under Biden. Simply put, the American people know OUR movement is our country’s FINAL HOPE. <[link removed]> Just think back to my FINAL State of the Union Address as your President… Our economy was booming like never before. Overseas jobs were pouring back into the country. Cost of living was affordable. We were not only energy independent, we were energy DOMINANT. Our border was SECURE. The wall was being built. Our streets were SAFE. Washington swamp creatures were finally beholden to THE PEOPLE. We were respected on the world stage. Our military was STRONG. We were TOUGH on China and Russia. Your God-given freedoms were protected. Simply put, we were WINNING! And all of this can be had once more. That’s why Americans from every corner of the country are UNITING behind Trump 2024, because together, we can and we WILL save America. But our fight to win back the White House and renew America’s greatness is dependent on the support of grassroots patriots like YOU. <[link removed]> So please, make a contribution to our Primary Victory Fund to help end the primary so that we can shift our focus to DOUBLING our 4-point LEAD over Biden – for 1,500% impact. <[link removed]> Thank you, <[link removed]> Donald J. Trump 45th President of the United States ######### Paid for by Trump Save America Joint Fundraising Committee, a joint fundraising committee composed of and authorized by Donald J. Trump for President 2024, Inc. and Save America. www.donaldjtrump.com ######### This email was sent to [email protected] . Trump Save America JFC, P.O. Box 13570, Arlington, VA 22219, United States Contributions to Trump Save America JFC are not tax deductible for federal income tax purposes. Unsubscribe: [link removed]"
29,https://politicalemails.org/messages/1060768,Donald J. Trump,“Special Counsel Zooms In on Possible Criminal Charges”,"May 28, 2023 5:01 PM","The witch hunts truly will never end… and that is why we MUST win. ‌ ‌ ‌ ‌ ‌ ‌ ‌ ‌ ‌ ‌ ‌ ‌ ‌ ‌ ‌ ‌ ‌ ‌ ‌ ‌ ‌ ‌ ‌ ‌ ‌ ‌ ‌ ‌ ‌ ‌ ‌ ‌ ‌ ‌ ‌ ‌ ‌ ‌ ‌ ‌ ‌ ‌ ‌ ‌ ‌ ‌ ‌ ‌ ‌ ‌ ‌ ‌ ‌ ‌ ‌ ‌ ‌ ‌ ‌ ‌ ‌ ‌ ‌ ‌ ‌ ‌ ‌ ‌ ‌ ‌ ‌ ‌ ‌ ‌ ‌ ‌ ‌ ‌ ‌ ‌ ‌ ‌ ‌ ‌ ‌ ‌ ‌ ‌ ‌ ‌ ‌ ‌ ‌ ‌ ‌ ‌ ‌ ‌ ‌ ‌ ‌ ‌ ‌ ‌ ‌ ‌ ‌ ‌ ‌ ‌ ‌ ‌ ‌ ‌ ‌ ‌ ‌ ‌ ‌ ‌ ‌ ‌ ‌ ‌ ‌ ‌ ‌ ‌ ‌ ‌ ‌ ‌ ‌ ‌ ‌ ‌ ‌ ‌ ‌ ‌ ‌ ‌ ‌ ‌ ‌ ‌ ‌ ‌ ‌ ‌ ‌ ‌ ‌ ‌ ‌ ‌ ‌ ‌ ‌ ‌ ‌ ‌ ‌ ‌ ‌ ‌ ‌ ‌ ‌ ‌ ‌ ‌ ‌ ‌ ‌ ‌ ‌ ‌ ‌ ‌ ‌ ‌ ‌ ‌ ‌ ‌ ‌ <[link removed]>John, The radical Left will never stop… In Trump Probe, Special Counsel Zooms In on Possible Criminal Charges [Source: Wall Street Journal] They will continue to viciously attack me, smear me, and even ARREST me despite not having committed a single crime. The Deep State will continue this assault on my freedom solely because I fight for YOUR freedom… …Because it’s not really me they’re after, it’s YOU – I’m just standing in the way. When I first came down the golden escalator at Trump Tower, I denounced the Washington Swamp and put you FIRST. And together, for the first time in decades, WE created a government of, by, and for the PEOPLE. For that, the globalist special interests, the entrenched bureaucrats, and the Deep State have all made me their public enemy #1. But despite the endless despicable witch hunts, not a day goes by where my resolve wavers. Time and time again, I am reminded of the more than 74 MILLION American patriots who make up our incredible MAGA movement. YOU are my courage, my strength, and my hope. And with every new witch hunt they throw our way, I only grow that much more confident that we WILL win back the White House and SAVE our country in 2024! Please make a contribution of ANY amount – truly even just $1 – to help continue to DEFEND our movement from the never-ending witch hunts – for 1,500% impact.  <[link removed]> Thank you and God bless you, <[link removed]>Donald J. Trump 45th President of the United States ######### Paid for by Trump Save America Joint Fundraising Committee, a joint fundraising committee composed of and authorized by Donald J. Trump for President 2024, Inc. and Save America. www.donaldjtrump.com ######### This email was sent to [email protected] . Trump Save America JFC, P.O. Box 13570, Arlington, VA 22219, United States Contributions to Trump Save America JFC are not tax deductible for federal income tax purposes. Unsubscribe: [link removed]"
30,https://politicalemails.org/messages/1060582,DonaldJTrump.com,Never lose hope!,"May 28, 2023 1:20 PM","Liquid error: Internal error <[link removed]> “With a dark cloud over our beloved country, I have no doubt, nevertheless, that we will Make America Great Again.” <[link removed]> -President Donald J. Trump (Tuesday, April 4, 2023 – The Day of his Arrest) <[link removed]> Please make a contribution to peacefully stand with President Trump and SAVE the greatest country in history – for 1,500% impact. <[link removed]> Contribute $24 >> <[link removed]>Contribute $47 >> <[link removed]>Contribute $75 >> <[link removed]>Contribute $100 >> <[link removed]>Contribute $250 >> <[link removed]>Contribute Other Amount >> <[link removed]> Thank you, Team Trump ######### Paid for by Trump Save America Joint Fundraising Committee, a joint fundraising committee composed of and authorized by Donald J. Trump for President 2024, Inc. and Save America. www.donaldjtrump.com ######### This email was sent to [email protected] . Trump Save America JFC, P.O. Box 13570, Arlington, VA 22219, United States Contributions to Trump Save America JFC are not tax deductible for federal income tax purposes. Unsubscribe: [link removed]"
31,https://politicalemails.org/messages/1060432,Team Trump,PASSWORD PROTECTED,"May 27, 2023 11:57 PM","Liquid error: Internal error John, There is no end in sight to the Left’s despicable witch hunts. But President Trump always knew that the Democrats would go to unimaginable lengths to try and stop our movement in 2024. And he will NEVER SURRENDER to their tyranny because they aren’t just attacking him, they’re trying to CANCEL OUT YOUR VOTE <[link removed]>. With so much on the line, and the witch hunts continuing to heat up like never before, President Trump requested that we send YOU this password-protected message. Please access your private message by following this secure link with the password below: <[link removed]> [link removed] <[link removed]> PASSWORD:MAGA <[link removed]> <[link removed]> Thank you, Team Trump ACCESS YOUR MESSAGE >>  <[link removed]> PASSWORD: <[link removed]>MAGA <[link removed]> ######### Paid for by Trump Save America Joint Fundraising Committee, a joint fundraising committee composed of and authorized by Donald J. Trump for President 2024, Inc. and Save America. www.donaldjtrump.com ######### This email was sent to [email protected] . Trump Save America JFC, P.O. Box 13570, Arlington, VA 22219, United States Contributions to Trump Save America JFC are not tax deductible for federal income tax purposes. Unsubscribe: [link removed]"
32,https://politicalemails.org/messages/1060318,"Donald J. Trump, me (2)",re: THE TIME HAS COME,"May 27, 2023 8:02 PM","Liquid error: Internal error Now that we’re up by 30, it’s time to unite… ‌ ‌ ‌ ‌ ‌ ‌ ‌ ‌ ‌ ‌ ‌ ‌ ‌ ‌ ‌ ‌ ‌ ‌ ‌ ‌ ‌ ‌ ‌ ‌ ‌ ‌ ‌ ‌ ‌ ‌ ‌ ‌ ‌ ‌ ‌ ‌ ‌ ‌ ‌ ‌ ‌ ‌ ‌ ‌ ‌ ‌ ‌ ‌ ‌ ‌ ‌ ‌ ‌ ‌ ‌ ‌ ‌ ‌ ‌ ‌ ‌ ‌ ‌ ‌ ‌ ‌ ‌ ‌ ‌ ‌ ‌ ‌ ‌ ‌ ‌ ‌ ‌ ‌ ‌ ‌ ‌ ‌ ‌ ‌ ‌ ‌ ‌ ‌ ‌ ‌ ‌ ‌ ‌ ‌ ‌ ‌ ‌ ‌ ‌ ‌ ‌ ‌ ‌ ‌ ‌ ‌ ‌ ‌ ‌ ‌ ‌ ‌ ‌ ‌ ‌ ‌ ‌ ‌ ‌ ‌ ‌ ‌ ‌ ‌ ‌ ‌ ‌ ‌ ‌ ‌ ‌ ‌ ‌ ‌ ‌ ‌ ‌ ‌ ‌ ‌ ‌ ‌ ‌ ‌ ‌ ‌ ‌ ‌ ‌ ‌ ‌ ‌ ‌ ‌ ‌ ‌ ‌ ‌ ‌ ‌ ‌ ‌ ‌ ‌ ‌ ‌ ‌ ‌ ‌ ‌ ‌ ‌ ‌ ‌ ‌ ‌ ‌ ‌ ‌ ‌ ‌ ‌ ‌ ‌ ‌ ‌ ‌ John, George Soros said he’s hoping the Republican primary drags on forever so that Biden can quietly walk away with the White House unscathed.…I wouldn’t be shocked if he even meddles in our primary to make that happen!That’s why, now that we’ve secured a 30-POINT LEAD, it’s time for Republicans to COALESCE and UNITE behind “Trump 2024” so that we can focus 100% on defeating Biden.We need to keep surging EVEN HIGHER in the polls so that there’s NO QUESTION that Primary Voters are UNITED behind “Trump 2024.” I’ve set a new goal of 1,000,000 Primary Voters to make a contribution of any amount before 11:59 P.M. TONIGHT. What matters is not the amount we raise, but to show the SHEER NUMBER of Primary Voters who have donated. The quicker the primary ends, the quicker we can unite to CRUSH Biden. Please make a contribution to our Primary Victory Fund to surge even higher so that we can turn our focus to DEFEATING Joe Biden – for 1,000% impact. <[link removed]> <[link removed]>CONTRIBUTE $24 >> $264 <[link removed]>CONTRIBUTE $47 >> $517 <[link removed]>CONTRIBUTE $75 >> $825 <[link removed]>CONTRIBUTE $100 >> $1,100  <[link removed]>CONTRIBUTE $250 >> $2,750 <[link removed]>CONTRIBUTE OTHER AMOUNT  >> <[link removed]>Thank you, <[link removed]>Donald J. Trump 45th President of the United States---------- Forwarded message --------- From: Donald J. Trump Date: Thu, Mar 2, 2023 at 6:07 PM Subject: RE: 30-POINT LEAD To: < [email protected] > <[link removed]>John, Our campaign is surging like never before… Four new polls just showed us SWEEPING the GOP field – and one even shows we’ve amassed a 30-POINTLEAD.This is what WINNING looks like! And we’re the only ones who can do it in 2024. No other candidate is shown CRUSHING Biden and Kamala in the polls like we are.But to keep up this incredible momentum, I’m counting on every grassroots patriot of our “Silent” Majority to help me send a very LOUD message that our 30-point lead is only the beginning.Please make a contribution to our PRIMARY VICTORY FUND to capitalize on this brand-new momentum to MAKE AMERICA GREAT AGAIN – for 1,000% impact. <[link removed]> <[link removed]>CONTRIBUTE $24 >> $264 <[link removed]>CONTRIBUTE $47 >> $517 <[link removed]>CONTRIBUTE $75 >> $825 <[link removed]>CONTRIBUTE $100 >> $1,100  <[link removed]>CONTRIBUTE $250 >> $2,750 <[link removed]>CONTRIBUTE OTHER AMOUNT  >> <[link removed]>The fake news can’t hide the TRUTH with these new polls now in the public’s hands. They tried calling our massive surge last month a “February bump.”I don’t know about you John, but I would call a 30-point lead more than a “bump” in the polls… …We’re DOMINATING the entire field! Biden, the radical Democrats, and their corrupt billionaire megadonors like George Soros know that our historic MAGA movement is the single greatest THREAT to their power. And now, we have the perfect opportunity to capitalize on the heels of these new polls to WIN BACK the White House and TAKE BACK our country. So please, make a contribution to our PRIMARY VICTORY FUND to capitalize on this brand-new momentum to MAKE AMERICA GREAT AGAIN – for 1,000% impact. <[link removed]>Thank you, <[link removed]>Donald J. Trump 45th President of the United States ######### Paid for by Trump Save America Joint Fundraising Committee, a joint fundraising committee composed of and authorized by Donald J. Trump for President 2024, Inc. and Save America. www.donaldjtrump.com ######### This email was sent to [email protected] . Trump Save America JFC, P.O. Box 13570, Arlington, VA 22219, United States Contributions to Trump Save America JFC are not tax deductible for federal income tax purposes. Unsubscribe: [link removed]"
33,https://politicalemails.org/messages/1060170,Donald J. Trump,THIS WAS A COUP,"May 27, 2023 4:12 PM","Liquid error: Internal error <[link removed]> John, The TRUTH is finally coming out. Special Counsel John Durham’s report confirms THE INTELLIGENCE COMMUNITY NEVER HAD ANY ACTUAL EVIDENCE THAT I WAS A RUSSIAN AGENT. <[link removed]> The Deep State deliberately FRAMED ME as a Russian traitor in an attempt to destroy our campaign and then sabotage our presidency. <[link removed]> For 3 years – 24 hours a day, 7 days a week – the American public was fed LIE after LIE that their sitting president was a traitor. <[link removed]> This was a SILENT COUP against a duly elected president. <[link removed]> The Deep State HATED the idea of a political outsider leading the White House. They knew they could never control me or bully me into submission. So, they tried to frame me as a Russian agent – despite having ZERO EVIDENCE – in an attempt to destroy me and stop the one movement that puts YOU first. <[link removed]> As I’ve always said, they’re not really after me. They’re after YOU, I’m just standing in their way. <[link removed]> And you better believe that I will keep standing in their way, because I will NEVER, EVER SURRENDER the greatest country in history. <[link removed]> 2024 is our final chance to save our Republic. Either we destroy the Deep State, or the Deep State will destroy America. <[link removed]> Please make a contribution to SAVE AMERICA – for 1,500% impact. <[link removed]> <[link removed]> Contribute $24 >> <[link removed]>Contribute $47 >> <[link removed]>Contribute $75 >> <[link removed]>Contribute $100 >> <[link removed]>Contribute $250 >> <[link removed]>Contribute Other Amount >> <[link removed]> Thank you, <[link removed]> Donald J. Trump 45th President of the United States ######### Paid for by Trump Save America Joint Fundraising Committee, a joint fundraising committee composed of and authorized by Donald J. Trump for President 2024, Inc. and Save America. www.donaldjtrump.com ######### This email was sent to [email protected] . Trump Save America JFC, P.O. Box 13570, Arlington, VA 22219, United States Contributions to Trump Save America JFC are not tax deductible for federal income tax purposes. Unsubscribe: [link removed]"
34,https://politicalemails.org/messages/1059954,"Donald Trump, Jr.",RE: My father’s arrest,"May 27, 2023 12:53 PM","Liquid error: Internal error <[link removed]> John, My father was arrested despite having committee NO CRIME It’s hard to believe that I just typed those words. It’s hard to believe something so tyrannical could happen in America… …But this is the reality of our country now that the Radical Left Democrats run America. As you know — and as I’ve personally witnessed my entire life — my father is a WARRIOR. He will not let this sham indictment stop our mission to Make America Great Again! Our movement will prevail — just as we’ve prevailed after every other vicious attack. Following my father’s arrest, I’m asking you to watch these inspirational words from President Donald J. Trump. <[link removed]> <[link removed]> Watch Now >>  <[link removed]> Please watch the video — and consider making a contribution to SAVE AMERICA — for 1,500% impact. <[link removed]> Thank you, <[link removed]> Donald Trump, Jr. ######### Paid for by Trump Save America Joint Fundraising Committee, a joint fundraising committee composed of and authorized by Donald J. Trump for President 2024, Inc. and Save America. www.donaldjtrump.com ######### This email was sent to [email protected] . Trump Save America JFC, P.O. Box 13570, Arlington, VA 22219, United States Contributions to Trump Save America JFC are not tax deductible for federal income tax purposes. Unsubscribe: [link removed]"
35,https://politicalemails.org/messages/1059247,Donald J. Trump,Watch my statement on the Primary,"May 26, 2023 4:42 PM",FATAL ERROR: Failed to parse this email
36,https://politicalemails.org/messages/1059179,Official Trump Alerts,May 26th Update,"May 26, 2023 4:10 PM",FATAL ERROR: Failed to parse this email
37,https://politicalemails.org/messages/1058580,Team Trump,RE: MOURNING in America [Watch Now],"May 25, 2023 10:01 PM","Liquid error: Internal error <[link removed]> John, Ronald Reagan released a famous ad in the 1980s called “Morning in America.” But under Biden’s disastrous presidency, we are now “MOURNING in America.” Our once great country is DYING… <[link removed]> …And 2024 is our final chance to save it! <[link removed]> Reagan warned that if we don’t defend our freedoms, “one day we will spend our sunset years telling our children and our children's children what it was once like in the United States where men were free.” <[link removed]> Please watch our new ad “Mourning in America” – and then consider making a contribution to ensure it’s seen by every red-blooded patriot in the nation for 1,500% impact. <[link removed]> <[link removed]> Watch Now >>  <[link removed]> Contribute $24 >> <[link removed]>Contribute $47 >> <[link removed]>Contribute $75 >> <[link removed]>Contribute $100 >> <[link removed]>Contribute $250 >> <[link removed]>Contribute Other Amount >> <[link removed]> Thank you, Team Trump ######### Paid for by Trump Save America Joint Fundraising Committee, a joint fundraising committee composed of and authorized by Donald J. Trump for President 2024, Inc. and Save America. www.donaldjtrump.com ######### This email was sent to [email protected] . Trump Save America JFC, P.O. Box 13570, Arlington, VA 22219, United States Contributions to Trump Save America JFC are not tax deductible for federal income tax purposes. Unsubscribe: [link removed]"
38,https://politicalemails.org/messages/1058279,Donald J. Trump,I might be giving you a call,"May 25, 2023 6:52 PM","Liquid error: Internal error <[link removed]> John, Our campaign is about to cross the $15 MILLION MARK <[link removed]> since George Soros’ prosecutor indicted and then arrested me. It could truly happen any moment now… To show my absolute gratitude for our grassroots donors, I am going to personally CALL the donor who officially puts us across the $15,000,000 mark! <[link removed]> Will I be calling you, John? <[link removed]> Please make a contribution to help us OFFICIALLY cross $15,000,000 since the indictment – and I’ll give the donor who puts us over the top a THANK YOU CALL. <[link removed]> Contribute $24 >> <[link removed]>Contribute $47 >> <[link removed]>Contribute $75 >> <[link removed]>Contribute $100 >> <[link removed]>Contribute $250 >> <[link removed]>Contribute Other Amount >> <[link removed]> Soros thought he could get away with spending $1,000,000 to elect a prosecutor to do his dirty work. But Soros yet again underestimated the strength of our movement. Soros wasn’t just targeting me – but the millions and millions of patriots who peacefully make up our movement. And to show my gratitude for the millions of donors who make up our movement, I’m going to call the one donor who officially puts us over the $15 million mark – which could happen any moment now! <[link removed]> So please, make a contribution to help us OFFICIALLY cross $15,000,000 since the indictment – and I’ll give the donor who puts us over the top a THANK YOU CALL. <[link removed]> Thank you, <[link removed]> Donald J. Trump 45th President of the United States ######### Paid for by Trump Save America Joint Fundraising Committee, a joint fundraising committee composed of and authorized by Donald J. Trump for President 2024, Inc. and Save America. www.donaldjtrump.com ######### This email was sent to [email protected] . Trump Save America JFC, P.O. Box 13570, Arlington, VA 22219, United States Contributions to Trump Save America JFC are not tax deductible for federal income tax purposes. Unsubscribe: [link removed]"
39,https://politicalemails.org/messages/1058060,Official Trump Alerts,May 25th Update,"May 25, 2023 4:12 PM",FATAL ERROR: Failed to parse this email
40,https://politicalemails.org/messages/1057977,Donald J. Trump,Sadly...,"May 25, 2023 3:16 PM","Liquid error: Internal error <[link removed]> John, Every Republican elected official should be UNITED in outrage at what the Deep State has done to me and the America First movement. But sadly, some Republicans want to shy away from the topic, because they say they get tired of all the Deep State “drama.” <[link removed]> John, the weaponization of the FBI is one of the single biggest threats to our free Republic. My home has been raided. I was framed as a Russian asset. My family and associates have been intimidated. My private communications have been spied on. I’ve even been indicted and arrested – despite committing NO CRIME. And it’s not just me… Everyday, hardworking, freedom-loving patriots are also being targeted for holding views that go against the Deep State. That’s not “drama.” That’s a declaration of war on everything we value as Americans. <[link removed]> If these politicians get fatigued from a bit of “drama,” then the Deep State will eat them alive. They will not rise to the challenge to defend our Republic, and most importantly, defend YOU. But even though the Deep State has put me through hell, I am ready to do it again! Because I love our country, and I will NEVER let it get destroyed. <[link removed]> It’s no surprise that we’re leading the primary by 50 POINTS. Voters know that during these dark times, we need courage – not cowardice – in the White House. The time has now come to solidify our lead so that we can turn our focus 100% to beating Crooked Joe Biden and DISMANTLING the Deep State. Let’s finish the job we started, dismantle the Deep State, and MAKE AMERICA GREAT AGAIN! Please make a contribution to WRAP UP the primary so that we can focus on our REAL mission of firing Biden and DESTROYING THE DEEP STATE – for 1,500% impact. <[link removed]> Contribute $24 >> <[link removed]>Contribute $47 >> <[link removed]>Contribute $75 >> <[link removed]>Contribute $100 >> <[link removed]>Contribute $250 >> <[link removed]>Contribute Other Amount >> <[link removed]> Thank you, <[link removed]> Donald J. Trump 45th President of the United States ######### Paid for by Trump Save America Joint Fundraising Committee, a joint fundraising committee composed of and authorized by Donald J. Trump for President 2024, Inc. and Save America. www.donaldjtrump.com ######### This email was sent to [email protected] . Trump Save America JFC, P.O. Box 13570, Arlington, VA 22219, United States Contributions to Trump Save America JFC are not tax deductible for federal income tax purposes. Unsubscribe: [link removed]"
41,https://politicalemails.org/messages/1057840,Donald J. Trump,Sadly...,"May 25, 2023 1:52 PM",FATAL ERROR: Failed to parse this email
42,https://politicalemails.org/messages/1057742,"Donald J. Trump, me (2)",RE: We have no choice...,"May 25, 2023 11:54 AM","Liquid error: Internal error Either we ballot harvest where we can, or you can say goodbye to America ‌ ‌ ‌ ‌ ‌ ‌ ‌ ‌ ‌ ‌ ‌ ‌ ‌ ‌ ‌ ‌ ‌ ‌ ‌ ‌ ‌ ‌ ‌ ‌ ‌ ‌ ‌ ‌ ‌ ‌ ‌ ‌ ‌ ‌ ‌ ‌ ‌ ‌ ‌ ‌ ‌ ‌ ‌ ‌ ‌ ‌ ‌ ‌ ‌ ‌ ‌ ‌ ‌ ‌ ‌ ‌ ‌ ‌ ‌ ‌ ‌ ‌ ‌ ‌ ‌ ‌ ‌ ‌ ‌ ‌ ‌ ‌ ‌ ‌ ‌ ‌ ‌ ‌ ‌ ‌ ‌ ‌ ‌ ‌ ‌ ‌ ‌ ‌ ‌ ‌ ‌ ‌ ‌ ‌ ‌ ‌ ‌ ‌ ‌ ‌ ‌ ‌ ‌ ‌ ‌ ‌ ‌ ‌ ‌ ‌ ‌ ‌ ‌ ‌ ‌ ‌ ‌ ‌ ‌ ‌ ‌ ‌ ‌ ‌ ‌ ‌ ‌ ‌ ‌ ‌ ‌ ‌ ‌ ‌ ‌ ‌ ‌ ‌ ‌ ‌ ‌ ‌ ‌ ‌ ‌ ‌ ‌ ‌ ‌ ‌ ‌ ‌ ‌ ‌ ‌ ‌ ‌ ‌ ‌ ‌ ‌ ‌ ‌ ‌ ‌ ‌ ‌ ‌ ‌ ‌ ‌ ‌ ‌ ‌ ‌ ‌ ‌ ‌ ‌ ‌ ‌ ‌ ‌ ‌ ‌ ‌ ‌ John,Many states have BANNED ballot harvesting to keep our elections honest and fair. But in the states where ballot harvesting is allowed, WE HAVE NO CHOICE BUT TO BEAT THE DEMOCRATS AT THEIR OWN GAME. Either we ballot harvest in the states where it’s legal, or you can say goodbye to our country, because the Democrats would win EVERY election. That’s why we launched our own Trump for President Ballot Harvesting Fund – but of course, our harvested ballots will only come from LEGAL, REGISTERED VOTERS! I couldn’t believe how many patriots donated to our new fund. Even the Fake News Media is talking about how big this has become! But I was a bit surprised to see you didn’t contribute, John. This is our path to win back the White House and save America. I hope you’re on board! Please make a contribution to our Ballot Harvesting Fund to CRUSH the Democrats at their own game – for 1,500% impact. <[link removed]> <[link removed]>CONTRIBUTE $24 >> <[link removed]>CONTRIBUTE $47 >> <[link removed]>CONTRIBUTE $75 >> <[link removed]>CONTRIBUTE $100 >> <[link removed]>CONTRIBUTE $250 >> <[link removed]>CONTRIBUTE OTHER AMOUNT  >> <[link removed]>Thank you, <[link removed]>Donald J. Trump 45th President of the United States ---------- Forwarded message --------- From: Donald J. Trump Date: Mon, Feb 13, 2023 Subject: MAJOR ANNOUNCEMENT To: < [email protected] > <[link removed]>John,The radical Democrats have used ballot harvesting to cancel out YOUR vote and walk away with elections that they NEVER should have won.But I’m doing something HUGE to fight back.Our presidential campaign will launch our own BALLOT HARVESTING FUND in the states where the Left has been cheating the system. Please make a contribution to our brand new BALLOT HARVESTING FUND to harvest ballots in the states where we can, and BEAT the Democrats at their own game – for 1,500% impact. <[link removed]> <[link removed]>CONTRIBUTE $24 >> <[link removed]>CONTRIBUTE $47 >> <[link removed]>CONTRIBUTE $75 >> <[link removed]>CONTRIBUTE $100 >> <[link removed]>CONTRIBUTE $250 >> <[link removed]>CONTRIBUTE OTHER AMOUNT  >> <[link removed]>The radical Left knows they could never win aFAIR election on the issues.What could Biden possibly say to win over voters?“Mr. Smith, we’re going to release murderers into your neighborhood, take away your guns so you can’t defend yourself, leave our southern border wide open, and mutilate seven-year-old girls to switch genders. Please vote for Biden and Kamala.” So, instead of running on the issues, Democrats try to BUY, RIG, and LIE their way into power.The Left spent $1 BILLION in 2020 to put Biden and Kamala in the White House. The FBI colluded with liberal tech corporations to suppress damaging stories about Biden.And I know I don’t have to remind you about the many, many ballots “harvested” by the Democrats… BUT NOT ANYMORE! Our path forward is to MASTER the Democrats’ own game of harvesting ballots in every state we can.But that also means we need to start laying the foundation for victory RIGHT NOW.So please, make a contribution to our brand new BALLOT HARVESTING FUND to harvest ballots in the states where we can, and BEAT the Democrats at their own game – for 1,500% impact. <[link removed]> Thank you, <[link removed]>Donald J. Trump 45th President of the United States CONTRIBUTE  >> <[link removed]> ######### Paid for by Trump Save America Joint Fundraising Committee, a joint fundraising committee composed of and authorized by Donald J. Trump for President 2024, Inc. and Save America. www.donaldjtrump.com ######### This email was sent to [email protected] . Trump Save America JFC, P.O. Box 13570, Arlington, VA 22219, United States Contributions to Trump Save America JFC are not tax deductible for federal income tax purposes. Unsubscribe: [link removed]"
43,https://politicalemails.org/messages/1057418,(2) Trump 2024 Membership Services,FW: Reaching out to a select few,"May 24, 2023 9:55 PM",FATAL ERROR: Failed to parse this email
44,https://politicalemails.org/messages/1057416,DonaldJTrump.com,Never lose hope!,"May 24, 2023 9:53 PM","Liquid error: Internal error <[link removed]> “With a dark cloud over our beloved country, I have no doubt, nevertheless, that we will Make America Great Again.” <[link removed]> -President Donald J. Trump (Tuesday, April 4, 2023 – The Day of his Arrest) <[link removed]> Please make a contribution to peacefully stand with President Trump and SAVE the greatest country in history – for 1,500% impact. <[link removed]> Contribute $24 >> <[link removed]>Contribute $47 >> <[link removed]>Contribute $75 >> <[link removed]>Contribute $100 >> <[link removed]>Contribute $250 >> <[link removed]>Contribute Other Amount >> <[link removed]> Thank you, Team Trump ######### Paid for by Trump Save America Joint Fundraising Committee, a joint fundraising committee composed of and authorized by Donald J. Trump for President 2024, Inc. and Save America. www.donaldjtrump.com ######### This email was sent to [email protected] . Trump Save America JFC, P.O. Box 13570, Arlington, VA 22219, United States Contributions to Trump Save America JFC are not tax deductible for federal income tax purposes. Unsubscribe: [link removed]"
45,https://politicalemails.org/messages/1057114,Donald J. Trump,THIS WAS A COUP,"May 24, 2023 6:05 PM","Liquid error: Internal error <[link removed]> John, The TRUTH is finally coming out. Special Counsel John Durham’s report confirms THE INTELLIGENCE COMMUNITY NEVER HAD ANY ACTUAL EVIDENCE THAT I WAS A RUSSIAN AGENT. <[link removed]> The Deep State deliberately FRAMED ME as a Russian traitor in an attempt to destroy our campaign and then sabotage our presidency. <[link removed]> For 3 years – 24 hours a day, 7 days a week – the American public was fed LIE after LIE that their sitting president was a traitor. <[link removed]> This was a SILENT COUP against a duly elected president. <[link removed]> The Deep State HATED the idea of a political outsider leading the White House. They knew they could never control me or bully me into submission. So, they tried to frame me as a Russian agent – despite having ZERO EVIDENCE – in an attempt to destroy me and stop the one movement that puts YOU first. <[link removed]> As I’ve always said, they’re not really after me. They’re after YOU, I’m just standing in their way. <[link removed]> And you better believe that I will keep standing in their way, because I will NEVER, EVER SURRENDER the greatest country in history. <[link removed]> 2024 is our final chance to save our Republic. Either we destroy the Deep State, or the Deep State will destroy America. <[link removed]> Please make a contribution to SAVE AMERICA – for 1,500% impact. <[link removed]> <[link removed]> Contribute $24 >> <[link removed]>Contribute $47 >> <[link removed]>Contribute $75 >> <[link removed]>Contribute $100 >> <[link removed]>Contribute $250 >> <[link removed]>Contribute Other Amount >> <[link removed]> Thank you, <[link removed]> Donald J. Trump 45th President of the United States ######### Paid for by Trump Save America Joint Fundraising Committee, a joint fundraising committee composed of and authorized by Donald J. Trump for President 2024, Inc. and Save America. www.donaldjtrump.com ######### This email was sent to [email protected] . Trump Save America JFC, P.O. Box 13570, Arlington, VA 22219, United States Contributions to Trump Save America JFC are not tax deductible for federal income tax purposes. Unsubscribe: [link removed]"
46,https://politicalemails.org/messages/1056946,Official Trump Alerts,May 24th Update,"May 24, 2023 4:03 PM",FATAL ERROR: Failed to parse this email
47,https://politicalemails.org/messages/1056884,Donald J. Trump,Sadly...,"May 24, 2023 3:24 PM",FATAL ERROR: Failed to parse this email
48,https://politicalemails.org/messages/1056833,Donald J. Trump,Is it already happening?,"May 24, 2023 2:45 PM","Liquid error: Internal error <[link removed]> John, Remember when I said that if the Deep State could come after a U.S. President, they could one day come after you? Well, John, it may have already begun… From the Washington Post: “A newly unsealed court document shows the FBI wrongly searched a vast digital database for information about U.S. citizens and others more than 278,000 times in 2020 and early 2021.” <[link removed]> What I’ve said about the Deep State is 100% true… <[link removed]> Together, we will TOTALLY and COMPLETELY OBLITERATE the Deep State and restore power to the American people. Please make a contribution to SAVE AMERICA – for 1,500% impact. <[link removed]> (But if you are doing poorly right now, please don’t even think about donating. Take care of yourself right now!) Contribute $24 >> <[link removed]>Contribute $47 >> <[link removed]>Contribute $75 >> <[link removed]>Contribute $100 >> <[link removed]>Contribute $250 >> <[link removed]>Contribute Other Amount >> <[link removed]> Thank you, <[link removed]> Donald J. Trump 45th President of the United States ######### Paid for by Trump Save America Joint Fundraising Committee, a joint fundraising committee composed of and authorized by Donald J. Trump for President 2024, Inc. and Save America. www.donaldjtrump.com ######### This email was sent to [email protected] . Trump Save America JFC, P.O. Box 13570, Arlington, VA 22219, United States Contributions to Trump Save America JFC are not tax deductible for federal income tax purposes. Unsubscribe: [link removed]"
49,https://politicalemails.org/messages/1056630,"Donald Trump, Jr.",RE: My father’s arrest,"May 24, 2023 11:01 AM","Liquid error: Internal error <[link removed]> John, My father was arrested despite having committee NO CRIME It’s hard to believe that I just typed those words. It’s hard to believe something so tyrannical could happen in America… …But this is the reality of our country now that the Radical Left Democrats run America. As you know — and as I’ve personally witnessed my entire life — my father is a WARRIOR. He will not let this sham indictment stop our mission to Make America Great Again! Our movement will prevail — just as we’ve prevailed after every other vicious attack. Following my father’s arrest, I’m asking you to watch these inspirational words from President Donald J. Trump. <[link removed]> <[link removed]> Watch Now >>  <[link removed]> Please watch the video — and consider making a contribution to SAVE AMERICA — for 1,500% impact. <[link removed]> Thank you, <[link removed]> Donald Trump, Jr. ######### Paid for by Trump Save America Joint Fundraising Committee, a joint fundraising committee composed of and authorized by Donald J. Trump for President 2024, Inc. and Save America. www.donaldjtrump.com ######### This email was sent to [email protected] . Trump Save America JFC, P.O. Box 13570, Arlington, VA 22219, United States Contributions to Trump Save America JFC are not tax deductible for federal income tax purposes. Unsubscribe: [link removed]"
